{"ProjectBreakpointSettingValue":"{\"Value\":{\"Click to Start.xaml\":[],\"File Already Exists.xaml\":[],\"Deseret Trust Company.xaml\":[],\"Wells Fargo.xaml\":[],\"Regions.xaml\":[],\"Bank of Oklahoma.xaml\":[],\"UBOC.xaml\":[],\"Bank of Hawaii.xaml\":[],\"US Bank - Pivot.xaml\":[],\"Fidelity.xaml\":[],\"RBC ITS (DeXia).xaml\":[],\"Comerica.xaml\":[],\"Bank of America.xaml\":[],\"1st Source Bank.xaml\":[],\"Fiduciary Trust Company (Stern).xaml\":[],\"Key Bank.xaml\":[],\"Mellon Trust (GSP).xaml\":[],\"Mellon Trust (CMS).xaml\":[],\"PNC.xaml\":[],\"Northern Trust.xaml\":[],\"BBH.xaml\":[],\"JP Morgan.xaml\":[],\"Nexi.xaml\":[],\"Mellon (Pasco & Mathena).xaml\":[],\"Main with switch case.xaml\":[],\"Screenshot_email.xaml\":[],\"Main.xaml\":[]}}"}